<?xml version="1.0" encoding="UTF-8"?>
<beans xmlns="http://www.springframework.org/schema/beans"
    xmlns:xsi="http://www.w3.org/2001/XMLSchema-instance"
    xmlns:context="http://www.springframework.org/schema/context"
    xmlns:util="http://www.springframework.org/schema/util"
    xmlns:mvc="http://www.springframework.org/schema/mvc"
    xsi:schemaLocation="http://www.springframework.org/schema/beans
    					http://www.springframework.org/schema/beans/spring-beans.xsd
    					http://www.springframework.org/schema/context
        				https://www.springframework.org/schema/context/spring-context.xsd
        				http://www.springframework.org/schema/mvc
    					http://www.springframework.org/schema/mvc/spring-mvc-3.0.xsd">
        
        
    
    <context:component-scan base-package="mvc"/>
    <mvc:annotation-driven/>
    <context:annotation-config/>
    
    <mvc:interceptors>
    	<bean class="org.springframework.web.servlet.i18n.LocaleChangeInterceptor">
    		<property name="paramName" value="siteLanguage"/>
    	</bean>
    </mvc:interceptors>
    
    <bean id="viewResolver" class="org.springframework.web.servlet.view.InternalResourceViewResolver">
    	<property name="prefix">
    		<value>/WEB-INF/</value>
    	</property>
    	<property name="suffix">
    		<value>.jsp</value>
    	</property>
    </bean> 
    
    <bean id="messageSource" class="org.springframework.context.support.ReloadableResourceBundleMessageSource">
    	<property name="basename" value="/WEB-INF/messages"/>
    </bean>
     
     <bean id="localeResolver" class="org.springframework.web.servlet.i18n.SessionLocaleResolver"/>
					
</beans>